gameId,playerId,originalGroup,target,simPhase1Phase2,simP1FinalP2Early,condition
01KJN6MMPQTMDYRN709968YFN1,01KJN788SPAKVVBHX9T9FDQWAF,B,page-B,0.752310574054718,0.5907206535339355,refer_mixed
01KJN6MMPQTMDYRN709968YFN1,01KJN788SPAKVVBHX9T9FDQWAF,B,page3-35,1.0000001192092896,1.0000001192092896,refer_mixed
01KJN6MMPQTMDYRN709968YFN1,01KJN788SPAKVVBHX9T9FDQWAF,B,page5-28,0.19733934104442596,0.17311759293079376,refer_mixed
01KJN6MMPQTMDYRN709968YFN1,01KJN788SPAKVVBHX9T9FDQWAF,B,page7-107,0.6600772738456726,0.5650377869606018,refer_mixed
01KJN6MMPQTMDYRN709968YFN1,01KJN788SPAKVVBHX9T9FDQWAF,B,page7-255,1.000000238418579,1.000000238418579,refer_mixed
01KJN6MMPQTMDYRN709968YFN1,01KJN788SPAKVVBHX9T9FDQWAF,B,page9-46,0.9149811863899231,0.8948900103569031,refer_mixed
01KJN6MMPQTMDYRN709968YFN1,01KJN78B0TFR8F59JDGD057XNS,A,page-B,0.3087725043296814,0.5455848574638367,refer_mixed
01KJN6MMPQTMDYRN709968YFN1,01KJN78B0TFR8F59JDGD057XNS,A,page3-35,0.9019918441772461,0.7750891447067261,refer_mixed
01KJN6MMPQTMDYRN709968YFN1,01KJN78B0TFR8F59JDGD057XNS,A,page5-28,0.9402878284454346,0.9178156852722168,refer_mixed
01KJN6MMPQTMDYRN709968YFN1,01KJN78B0TFR8F59JDGD057XNS,A,page7-107,0.7991213798522949,0.8648978471755981,refer_mixed
01KJN6MMPQTMDYRN709968YFN1,01KJN78B0TFR8F59JDGD057XNS,A,page7-255,0.6245995759963989,0.7809785604476929,refer_mixed
01KJN6MMPQTMDYRN709968YFN1,01KJN78B0TFR8F59JDGD057XNS,A,page9-46,0.8883917927742004,0.9056211709976196,refer_mixed
01KJN6MMPQTMDYRN709968YFN1,01KJN78CQJ3KY7VMGAR6F3D4S0,B,page-B,1.0,1.0,refer_mixed
01KJN6MMPQTMDYRN709968YFN1,01KJN78CQJ3KY7VMGAR6F3D4S0,B,page3-35,1.0000001192092896,1.0000001192092896,refer_mixed
01KJN6MMPQTMDYRN709968YFN1,01KJN78CQJ3KY7VMGAR6F3D4S0,B,page5-28,0.2158895581960678,0.9381473660469055,refer_mixed
01KJN6MMPQTMDYRN709968YFN1,01KJN78CQJ3KY7VMGAR6F3D4S0,B,page7-107,0.8334113359451294,0.9178651571273804,refer_mixed
01KJN6MMPQTMDYRN709968YFN1,01KJN78CQJ3KY7VMGAR6F3D4S0,B,page7-255,1.000000238418579,1.000000238418579,refer_mixed
01KJN6MMPQTMDYRN709968YFN1,01KJN78CQJ3KY7VMGAR6F3D4S0,B,page9-46,0.8150920867919922,0.8324376344680786,refer_mixed
01KJN6MMPQTMDYRN709968YFN1,01KJN78JVY5FN5QXW9XGGE72RG,A,page-B,1.0,1.0,refer_mixed
01KJN6MMPQTMDYRN709968YFN1,01KJN78JVY5FN5QXW9XGGE72RG,A,page3-35,1.0,0.20349036157131195,refer_mixed
01KJN6MMPQTMDYRN709968YFN1,01KJN78JVY5FN5QXW9XGGE72RG,A,page5-28,0.9437153339385986,0.9437153339385986,refer_mixed
01KJN6MMPQTMDYRN709968YFN1,01KJN78JVY5FN5QXW9XGGE72RG,A,page7-107,0.9347645044326782,0.8797135353088379,refer_mixed
01KJN6MMPQTMDYRN709968YFN1,01KJN78JVY5FN5QXW9XGGE72RG,A,page7-255,0.5972180366516113,0.47980040311813354,refer_mixed
01KJN6MMPQTMDYRN709968YFN1,01KJN78JVY5FN5QXW9XGGE72RG,A,page9-46,0.953898012638092,0.9999999403953552,refer_mixed
01KJN6MMPQTMDYRN709968YFN1,01KJN791EPN054R2NTQQ1BFXJ5,A,page-B,0.6073279976844788,0.610428512096405,refer_mixed
01KJN6MMPQTMDYRN709968YFN1,01KJN791EPN054R2NTQQ1BFXJ5,A,page3-35,0.9080579876899719,0.9999998211860657,refer_mixed
01KJN6MMPQTMDYRN709968YFN1,01KJN791EPN054R2NTQQ1BFXJ5,A,page5-28,0.942714273929596,0.8716912269592285,refer_mixed
01KJN6MMPQTMDYRN709968YFN1,01KJN791EPN054R2NTQQ1BFXJ5,A,page7-107,0.8128415942192078,0.8128415942192078,refer_mixed
01KJN6MMPQTMDYRN709968YFN1,01KJN791EPN054R2NTQQ1BFXJ5,A,page7-255,0.6861029863357544,0.7343943119049072,refer_mixed
01KJN6MMPQTMDYRN709968YFN1,01KJN791EPN054R2NTQQ1BFXJ5,A,page9-46,0.708476722240448,0.9221790432929993,refer_mixed
01KJN6MMPQTMDYRN709968YFN1,01KJN79Y7T0VZNKHTSJRZWTDZ5,B,page-B,0.9035961031913757,0.9035961031913757,refer_mixed
01KJN6MMPQTMDYRN709968YFN1,01KJN79Y7T0VZNKHTSJRZWTDZ5,B,page3-35,1.0000001192092896,1.0000001192092896,refer_mixed
01KJN6MMPQTMDYRN709968YFN1,01KJN79Y7T0VZNKHTSJRZWTDZ5,B,page5-28,0.22422625124454498,0.9136559367179871,refer_mixed
01KJN6MMPQTMDYRN709968YFN1,01KJN79Y7T0VZNKHTSJRZWTDZ5,B,page7-107,0.49873366951942444,0.7758961319923401,refer_mixed
01KJN6MMPQTMDYRN709968YFN1,01KJN79Y7T0VZNKHTSJRZWTDZ5,B,page7-255,1.000000238418579,1.000000238418579,refer_mixed
01KJN6MMPQTMDYRN709968YFN1,01KJN79Y7T0VZNKHTSJRZWTDZ5,B,page9-46,0.9085478782653809,0.8811416625976562,refer_mixed
01KJN6MMPQTMDYRN709DP5DSDA,01KJN77XQHYQ5TVVY4HZM02E7R,C,page-B,0.6495847105979919,0.6495847105979919,refer_separated
01KJN6MMPQTMDYRN709DP5DSDA,01KJN77XQHYQ5TVVY4HZM02E7R,C,page3-35,0.1536913365125656,0.20349036157131195,refer_separated
01KJN6MMPQTMDYRN709DP5DSDA,01KJN77XQHYQ5TVVY4HZM02E7R,C,page5-28,0.9999999403953552,0.9999999403953552,refer_separated
01KJN6MMPQTMDYRN709DP5DSDA,01KJN77XQHYQ5TVVY4HZM02E7R,C,page7-107,0.5935995578765869,0.6777734756469727,refer_separated
01KJN6MMPQTMDYRN709DP5DSDA,01KJN77XQHYQ5TVVY4HZM02E7R,C,page7-255,0.6780579090118408,0.6780579090118408,refer_separated
01KJN6MMPQTMDYRN709DP5DSDA,01KJN77XQHYQ5TVVY4HZM02E7R,C,page9-46,0.12106122821569443,0.12106122821569443,refer_separated
01KJN6MMPQTMDYRN709DP5DSDA,01KJN7931DXZ65NXTWK1GNEZMW,C,page-B,0.7432796955108643,0.7432796955108643,refer_separated
01KJN6MMPQTMDYRN709DP5DSDA,01KJN7931DXZ65NXTWK1GNEZMW,C,page3-35,0.7094430923461914,0.7094430923461914,refer_separated
01KJN6MMPQTMDYRN709DP5DSDA,01KJN7931DXZ65NXTWK1GNEZMW,C,page5-28,1.0000001192092896,1.0000001192092896,refer_separated
01KJN6MMPQTMDYRN709DP5DSDA,01KJN7931DXZ65NXTWK1GNEZMW,C,page7-107,0.8388277292251587,0.8388277292251587,refer_separated
01KJN6MMPQTMDYRN709DP5DSDA,01KJN7931DXZ65NXTWK1GNEZMW,C,page7-255,0.6780579090118408,0.6780579090118408,refer_separated
01KJN6MMPQTMDYRN709DP5DSDA,01KJN7931DXZ65NXTWK1GNEZMW,C,page9-46,0.7283105850219727,0.7283105850219727,refer_separated
01KJN6MMPQTMDYRN709DP5DSDA,01KJN79PCAAMFX7P2QF70Y3HJM,A,page-B,0.4468138813972473,0.9014009237289429,refer_separated
01KJN6MMPQTMDYRN709DP5DSDA,01KJN79PCAAMFX7P2QF70Y3HJM,A,page3-35,0.5605597496032715,0.5605597496032715,refer_separated
01KJN6MMPQTMDYRN709DP5DSDA,01KJN79PCAAMFX7P2QF70Y3HJM,A,page5-28,1.0,1.0,refer_separated
01KJN6MMPQTMDYRN709DP5DSDA,01KJN79PCAAMFX7P2QF70Y3HJM,A,page7-107,0.7522436380386353,0.7522436380386353,refer_separated
01KJN6MMPQTMDYRN709DP5DSDA,01KJN79PCAAMFX7P2QF70Y3HJM,A,page7-255,0.7310943603515625,0.636776328086853,refer_separated
01KJN6MMPQTMDYRN709DP5DSDA,01KJN79PCAAMFX7P2QF70Y3HJM,A,page9-46,0.7145497798919678,0.7145497798919678,refer_separated
01KJN6MMPQTMDYRN709DP5DSDA,01KJN79ZQD1E4YD03FE5CGJY8K,C,page-B,0.18624341487884521,0.6701217889785767,refer_separated
01KJN6MMPQTMDYRN709DP5DSDA,01KJN79ZQD1E4YD03FE5CGJY8K,C,page3-35,0.5531809329986572,0.5531809329986572,refer_separated
01KJN6MMPQTMDYRN709DP5DSDA,01KJN79ZQD1E4YD03FE5CGJY8K,C,page5-28,0.8528952598571777,0.5539584159851074,refer_separated
01KJN6MMPQTMDYRN709DP5DSDA,01KJN79ZQD1E4YD03FE5CGJY8K,C,page7-107,0.6357349753379822,0.6357349753379822,refer_separated
01KJN6MMPQTMDYRN709DP5DSDA,01KJN79ZQD1E4YD03FE5CGJY8K,C,page7-255,0.6888391971588135,0.6888391971588135,refer_separated
01KJN6MMPQTMDYRN709DP5DSDA,01KJN79ZQD1E4YD03FE5CGJY8K,C,page9-46,0.7719370126724243,0.9356006979942322,refer_separated
01KJN6MMPQTMDYRN709DP5DSDA,01KJN79ZRTRDMY6RH8ZCYCM9NV,A,page-B,0.6956870555877686,0.6956870555877686,refer_separated
01KJN6MMPQTMDYRN709DP5DSDA,01KJN79ZRTRDMY6RH8ZCYCM9NV,A,page3-35,0.9999998211860657,0.5950781106948853,refer_separated
01KJN6MMPQTMDYRN709DP5DSDA,01KJN79ZRTRDMY6RH8ZCYCM9NV,A,page5-28,1.0,1.0,refer_separated
01KJN6MMPQTMDYRN709DP5DSDA,01KJN79ZRTRDMY6RH8ZCYCM9NV,A,page7-107,0.18286480009555817,0.4986187219619751,refer_separated
01KJN6MMPQTMDYRN709DP5DSDA,01KJN79ZRTRDMY6RH8ZCYCM9NV,A,page7-255,0.688748836517334,0.7092963457107544,refer_separated
01KJN6MMPQTMDYRN709DP5DSDA,01KJN79ZRTRDMY6RH8ZCYCM9NV,A,page9-46,0.7145497798919678,0.7145497798919678,refer_separated
01KJN6MMPQTMDYRN709DP5DSDA,01KJN7AAWT4GWKRZ7B9775509P,B,page-B,0.9012212157249451,0.9012212157249451,refer_separated
01KJN6MMPQTMDYRN709DP5DSDA,01KJN7AAWT4GWKRZ7B9775509P,B,page3-35,1.0,1.0,refer_separated
01KJN6MMPQTMDYRN709DP5DSDA,01KJN7AAWT4GWKRZ7B9775509P,B,page5-28,0.5819391012191772,0.9069485664367676,refer_separated
01KJN6MMPQTMDYRN709DP5DSDA,01KJN7AAWT4GWKRZ7B9775509P,B,page7-107,0.9999999403953552,0.7033665180206299,refer_separated
01KJN6MMPQTMDYRN709DP5DSDA,01KJN7AAWT4GWKRZ7B9775509P,B,page7-255,1.0,1.0,refer_separated
01KJN6MMPQTMDYRN709DP5DSDA,01KJN7AAWT4GWKRZ7B9775509P,B,page9-46,0.9243992567062378,0.9445750117301941,refer_separated
01KJN6MMPQTMDYRN709DP5DSDA,01KJN7B32C1C5254NSG6ZK1GRK,A,page-B,0.42334771156311035,0.42334771156311035,refer_separated
01KJN6MMPQTMDYRN709DP5DSDA,01KJN7B32C1C5254NSG6ZK1GRK,A,page3-35,1.0000001192092896,1.0000001192092896,refer_separated
01KJN6MMPQTMDYRN709DP5DSDA,01KJN7B32C1C5254NSG6ZK1GRK,A,page5-28,1.0,1.0,refer_separated
01KJN6MMPQTMDYRN709DP5DSDA,01KJN7B32C1C5254NSG6ZK1GRK,A,page7-107,0.8737012147903442,0.8737012147903442,refer_separated
01KJN6MMPQTMDYRN709DP5DSDA,01KJN7B32C1C5254NSG6ZK1GRK,A,page7-255,0.6468089818954468,0.4296877980232239,refer_separated
01KJN6MMPQTMDYRN709DP5DSDA,01KJN7B32C1C5254NSG6ZK1GRK,A,page9-46,0.9999998807907104,0.9999998807907104,refer_separated
01KJN6MMPQTMDYRN709DP5DSDA,01KJN7B4V2673GK7HGVSG52R2P,B,page-B,0.7277116775512695,0.7716220617294312,refer_separated
01KJN6MMPQTMDYRN709DP5DSDA,01KJN7B4V2673GK7HGVSG52R2P,B,page3-35,1.0,1.0,refer_separated
01KJN6MMPQTMDYRN709DP5DSDA,01KJN7B4V2673GK7HGVSG52R2P,B,page5-28,0.8377053737640381,0.7694652080535889,refer_separated
01KJN6MMPQTMDYRN709DP5DSDA,01KJN7B4V2673GK7HGVSG52R2P,B,page7-107,0.9999999403953552,0.9999999403953552,refer_separated
01KJN6MMPQTMDYRN709DP5DSDA,01KJN7B4V2673GK7HGVSG52R2P,B,page7-255,0.22434945404529572,0.22434945404529572,refer_separated
01KJN6MMPQTMDYRN709DP5DSDA,01KJN7B4V2673GK7HGVSG52R2P,B,page9-46,0.7597591280937195,0.7669981718063354,refer_separated
01KJN6MMPQTMDYRN709DP5DSDA,01KJN7BYA5X3A2G30KZECRY2HY,B,page-B,0.8077068328857422,0.847936749458313,refer_separated
01KJN6MMPQTMDYRN709DP5DSDA,01KJN7BYA5X3A2G30KZECRY2HY,B,page3-35,1.0,1.0,refer_separated
01KJN6MMPQTMDYRN709DP5DSDA,01KJN7BYA5X3A2G30KZECRY2HY,B,page5-28,0.8220170736312866,0.8220170736312866,refer_separated
01KJN6MMPQTMDYRN709DP5DSDA,01KJN7BYA5X3A2G30KZECRY2HY,B,page7-107,0.9708285927772522,1.000000238418579,refer_separated
01KJN6MMPQTMDYRN709DP5DSDA,01KJN7BYA5X3A2G30KZECRY2HY,B,page7-255,1.0,0.7007039785385132,refer_separated
01KJN6MMPQTMDYRN709DP5DSDA,01KJN7BYA5X3A2G30KZECRY2HY,B,page9-46,0.6796938180923462,1.0,refer_separated
01KJN6MMQ03KZPZN0275VZXK6R,01KJN7863BFF3ZYZGVVSATZTH7,C,page-B,0.7556412816047668,0.7495432496070862,social_mixed
01KJN6MMQ03KZPZN0275VZXK6R,01KJN7863BFF3ZYZGVVSATZTH7,C,page3-35,0.9749144315719604,0.9749144315719604,social_mixed
01KJN6MMQ03KZPZN0275VZXK6R,01KJN7863BFF3ZYZGVVSATZTH7,C,page5-28,0.8437223434448242,0.8386949896812439,social_mixed
01KJN6MMQ03KZPZN0275VZXK6R,01KJN7863BFF3ZYZGVVSATZTH7,C,page7-107,0.8621342182159424,0.9999998211860657,social_mixed
01KJN6MMQ03KZPZN0275VZXK6R,01KJN7863BFF3ZYZGVVSATZTH7,C,page7-255,0.8547919988632202,0.8547919988632202,social_mixed
01KJN6MMQ03KZPZN0275VZXK6R,01KJN7863BFF3ZYZGVVSATZTH7,C,page9-46,0.8528299927711487,1.0,social_mixed
01KJN6MMQ03KZPZN0275VZXK6R,01KJN78DQ6KC0F9N1HA0BPB44R,C,page-B,0.8734511733055115,0.8724518418312073,social_mixed
01KJN6MMQ03KZPZN0275VZXK6R,01KJN78DQ6KC0F9N1HA0BPB44R,C,page3-35,0.742543637752533,0.742543637752533,social_mixed
01KJN6MMQ03KZPZN0275VZXK6R,01KJN78DQ6KC0F9N1HA0BPB44R,C,page5-28,0.9769355058670044,1.0,social_mixed
01KJN6MMQ03KZPZN0275VZXK6R,01KJN78DQ6KC0F9N1HA0BPB44R,C,page7-107,0.9852339625358582,0.8803924322128296,social_mixed
01KJN6MMQ03KZPZN0275VZXK6R,01KJN78DQ6KC0F9N1HA0BPB44R,C,page7-255,0.807445228099823,0.807445228099823,social_mixed
01KJN6MMQ03KZPZN0275VZXK6R,01KJN78DQ6KC0F9N1HA0BPB44R,C,page9-46,0.8204444646835327,0.8204444646835327,social_mixed
01KJN6MMQ03KZPZN0275VZXK6R,01KJN792W85XPK9QGH8A6HSYSJ,B,page-B,0.568038821220398,0.31643474102020264,social_mixed
01KJN6MMQ03KZPZN0275VZXK6R,01KJN792W85XPK9QGH8A6HSYSJ,B,page3-35,0.20663747191429138,0.6295640468597412,social_mixed
01KJN6MMQ03KZPZN0275VZXK6R,01KJN792W85XPK9QGH8A6HSYSJ,B,page5-28,0.5894297361373901,0.77267986536026,social_mixed
01KJN6MMQ03KZPZN0275VZXK6R,01KJN792W85XPK9QGH8A6HSYSJ,B,page7-107,0.9126402735710144,0.9126402735710144,social_mixed
01KJN6MMQ03KZPZN0275VZXK6R,01KJN792W85XPK9QGH8A6HSYSJ,B,page7-255,0.14072392880916595,-0.01001875102519989,social_mixed
01KJN6MMQ03KZPZN0275VZXK6R,01KJN792W85XPK9QGH8A6HSYSJ,B,page9-46,0.6265316009521484,0.6282812356948853,social_mixed
01KJN6MMQ03KZPZN0275VZXK6R,01KJN79B14FBSYSKKCG2BYVBB6,A,page-B,0.6822874546051025,0.6393319368362427,social_mixed
01KJN6MMQ03KZPZN0275VZXK6R,01KJN79B14FBSYSKKCG2BYVBB6,A,page3-35,0.5076954364776611,0.8562361001968384,social_mixed
01KJN6MMQ03KZPZN0275VZXK6R,01KJN79B14FBSYSKKCG2BYVBB6,A,page5-28,0.750419020652771,0.7974982261657715,social_mixed
01KJN6MMQ03KZPZN0275VZXK6R,01KJN79B14FBSYSKKCG2BYVBB6,A,page7-107,0.6233670115470886,0.7912404537200928,social_mixed
01KJN6MMQ03KZPZN0275VZXK6R,01KJN79B14FBSYSKKCG2BYVBB6,A,page7-255,0.3838309943675995,0.7034570574760437,social_mixed
01KJN6MMQ03KZPZN0275VZXK6R,01KJN79B14FBSYSKKCG2BYVBB6,A,page9-46,0.554690957069397,0.5731641054153442,social_mixed
01KJN6MMQ03KZPZN0275VZXK6R,01KJN79J529BWBWTESKB6D9MB7,C,page-B,0.8110824823379517,0.8109551072120667,social_mixed
01KJN6MMQ03KZPZN0275VZXK6R,01KJN79J529BWBWTESKB6D9MB7,C,page3-35,0.7534347772598267,0.9999999403953552,social_mixed
01KJN6MMQ03KZPZN0275VZXK6R,01KJN79J529BWBWTESKB6D9MB7,C,page5-28,0.8457861542701721,0.910051703453064,social_mixed
01KJN6MMQ03KZPZN0275VZXK6R,01KJN79J529BWBWTESKB6D9MB7,C,page7-107,0.9895792007446289,0.8635457754135132,social_mixed
01KJN6MMQ03KZPZN0275VZXK6R,01KJN79J529BWBWTESKB6D9MB7,C,page7-255,0.46089592576026917,0.3176889419555664,social_mixed
01KJN6MMQ03KZPZN0275VZXK6R,01KJN79J529BWBWTESKB6D9MB7,C,page9-46,0.6650816202163696,0.9184465408325195,social_mixed
01KJN6MMQ03KZPZN0275VZXK6R,01KJN7A44GGBE9XR412KV5BFSC,B,page-B,0.6115593314170837,0.9999998807907104,social_mixed
01KJN6MMQ03KZPZN0275VZXK6R,01KJN7A44GGBE9XR412KV5BFSC,B,page3-35,0.32648542523384094,0.47696438431739807,social_mixed
01KJN6MMQ03KZPZN0275VZXK6R,01KJN7A44GGBE9XR412KV5BFSC,B,page5-28,0.8643863201141357,0.8368103504180908,social_mixed
01KJN6MMQ03KZPZN0275VZXK6R,01KJN7A44GGBE9XR412KV5BFSC,B,page7-107,0.9126402735710144,0.9126402735710144,social_mixed
01KJN6MMQ03KZPZN0275VZXK6R,01KJN7A44GGBE9XR412KV5BFSC,B,page7-255,0.8978034257888794,0.9999998807907104,social_mixed
01KJN6MMQ03KZPZN0275VZXK6R,01KJN7A44GGBE9XR412KV5BFSC,B,page9-46,0.7751940488815308,0.8805848360061646,social_mixed
01KJN6MMQ03KZPZN0275VZXK6R,01KJN7AAX1VHZ1A7ZB35BNRH8N,A,page-B,0.3390144109725952,0.49857884645462036,social_mixed
01KJN6MMQ03KZPZN0275VZXK6R,01KJN7AAX1VHZ1A7ZB35BNRH8N,A,page3-35,0.6844398975372314,0.7628147602081299,social_mixed
01KJN6MMQ03KZPZN0275VZXK6R,01KJN7AAX1VHZ1A7ZB35BNRH8N,A,page5-28,0.47689318656921387,0.48361992835998535,social_mixed
01KJN6MMQ03KZPZN0275VZXK6R,01KJN7AAX1VHZ1A7ZB35BNRH8N,A,page7-107,0.7531678676605225,0.37980514764785767,social_mixed
01KJN6MMQ03KZPZN0275VZXK6R,01KJN7AAX1VHZ1A7ZB35BNRH8N,A,page7-255,0.6112484931945801,0.33985546231269836,social_mixed
01KJN6MMQ03KZPZN0275VZXK6R,01KJN7AAX1VHZ1A7ZB35BNRH8N,A,page9-46,0.4744287431240082,0.6121937036514282,social_mixed
01KJN6MMQ03KZPZN0275VZXK6R,01KJN7AZC7FAG17CY924MRTCF7,A,page-B,1.000000238418579,0.484108030796051,social_mixed
01KJN6MMQ03KZPZN0275VZXK6R,01KJN7AZC7FAG17CY924MRTCF7,A,page3-35,0.662499189376831,0.7883099913597107,social_mixed
01KJN6MMQ03KZPZN0275VZXK6R,01KJN7AZC7FAG17CY924MRTCF7,A,page5-28,0.9851558804512024,0.9851558804512024,social_mixed
01KJN6MMQ03KZPZN0275VZXK6R,01KJN7AZC7FAG17CY924MRTCF7,A,page7-107,1.0,0.8904588222503662,social_mixed
01KJN6MMQ03KZPZN0275VZXK6R,01KJN7AZC7FAG17CY924MRTCF7,A,page7-255,0.5782160758972168,0.9999999403953552,social_mixed
01KJN6MMQ03KZPZN0275VZXK6R,01KJN7AZC7FAG17CY924MRTCF7,A,page9-46,0.5577651858329773,0.6067439913749695,social_mixed
01KJN6MMQ03KZPZN0275VZXK6R,01KJN7C40WEQBDF48ACG18M0EV,B,page-B,0.3490281105041504,0.3946894705295563,social_mixed
01KJN6MMQ03KZPZN0275VZXK6R,01KJN7C40WEQBDF48ACG18M0EV,B,page3-35,0.7407932281494141,0.5206112861633301,social_mixed
01KJN6MMQ03KZPZN0275VZXK6R,01KJN7C40WEQBDF48ACG18M0EV,B,page5-28,0.9172148704528809,0.9520041346549988,social_mixed
01KJN6MMQ03KZPZN0275VZXK6R,01KJN7C40WEQBDF48ACG18M0EV,B,page7-107,0.9283919930458069,0.9140779972076416,social_mixed
01KJN6MMQ03KZPZN0275VZXK6R,01KJN7C40WEQBDF48ACG18M0EV,B,page7-255,0.1898639053106308,0.2880105972290039,social_mixed
01KJN6MMQ03KZPZN0275VZXK6R,01KJN7C40WEQBDF48ACG18M0EV,B,page9-46,0.8006708025932312,0.9710696935653687,social_mixed
01KJP22PXRH9VYFY7Z1HZVNSMN,01KJP2Q4FMMNPG4DTS771Y4V70,A,page-B,0.7081364989280701,0.9999998807907104,social_first
01KJP22PXRH9VYFY7Z1HZVNSMN,01KJP2Q4FMMNPG4DTS771Y4V70,A,page3-35,0.5794327855110168,0.7050508260726929,social_first
01KJP22PXRH9VYFY7Z1HZVNSMN,01KJP2Q4FMMNPG4DTS771Y4V70,A,page5-28,0.9024573564529419,0.9131272435188293,social_first
01KJP22PXRH9VYFY7Z1HZVNSMN,01KJP2Q4FMMNPG4DTS771Y4V70,A,page7-107,0.7935529947280884,0.969151496887207,social_first
01KJP22PXRH9VYFY7Z1HZVNSMN,01KJP2Q4FMMNPG4DTS771Y4V70,A,page7-255,0.5539259910583496,0.5741714239120483,social_first
01KJP22PXRH9VYFY7Z1HZVNSMN,01KJP2Q4FMMNPG4DTS771Y4V70,A,page9-46,0.6477400064468384,0.7540256977081299,social_first
01KJP22PXRH9VYFY7Z1HZVNSMN,01KJP2Q9Z7MR3VPYE4MH3SC9C8,C,page-B,0.5138324499130249,0.5138324499130249,social_first
01KJP22PXRH9VYFY7Z1HZVNSMN,01KJP2Q9Z7MR3VPYE4MH3SC9C8,C,page3-35,0.7807092666625977,0.9028196334838867,social_first
01KJP22PXRH9VYFY7Z1HZVNSMN,01KJP2Q9Z7MR3VPYE4MH3SC9C8,C,page5-28,0.7871994972229004,0.7871994972229004,social_first
01KJP22PXRH9VYFY7Z1HZVNSMN,01KJP2Q9Z7MR3VPYE4MH3SC9C8,C,page7-107,0.7581242322921753,0.9809726476669312,social_first
01KJP22PXRH9VYFY7Z1HZVNSMN,01KJP2Q9Z7MR3VPYE4MH3SC9C8,C,page7-255,0.9063971042633057,0.9063971042633057,social_first
01KJP22PXRH9VYFY7Z1HZVNSMN,01KJP2Q9Z7MR3VPYE4MH3SC9C8,C,page9-46,0.8812614679336548,0.8812613487243652,social_first
01KJP22PXRH9VYFY7Z1HZVNSMN,01KJP2RBVR6E36EKC8HYRAV5GF,A,page-B,1.0,1.0,social_first
01KJP22PXRH9VYFY7Z1HZVNSMN,01KJP2RBVR6E36EKC8HYRAV5GF,A,page3-35,0.5951437950134277,0.5810673832893372,social_first
01KJP22PXRH9VYFY7Z1HZVNSMN,01KJP2RBVR6E36EKC8HYRAV5GF,A,page5-28,0.7061089873313904,0.6360974907875061,social_first
01KJP22PXRH9VYFY7Z1HZVNSMN,01KJP2RBVR6E36EKC8HYRAV5GF,A,page7-107,1.0,0.7920494079589844,social_first
01KJP22PXRH9VYFY7Z1HZVNSMN,01KJP2RBVR6E36EKC8HYRAV5GF,A,page7-255,0.8661051392555237,0.7378305196762085,social_first
01KJP22PXRH9VYFY7Z1HZVNSMN,01KJP2RBVR6E36EKC8HYRAV5GF,A,page9-46,0.7675747871398926,0.7932111620903015,social_first
01KJP22PXRH9VYFY7Z1HZVNSMN,01KJP2RH1QNE571FNJRJ0ZHM7W,B,page-B,0.7331153750419617,0.7875182628631592,social_first
01KJP22PXRH9VYFY7Z1HZVNSMN,01KJP2RH1QNE571FNJRJ0ZHM7W,B,page3-35,0.8367289304733276,0.8367289304733276,social_first
01KJP22PXRH9VYFY7Z1HZVNSMN,01KJP2RH1QNE571FNJRJ0ZHM7W,B,page5-28,0.13873964548110962,0.18437956273555756,social_first
01KJP22PXRH9VYFY7Z1HZVNSMN,01KJP2RH1QNE571FNJRJ0ZHM7W,B,page7-107,0.8144265413284302,0.626196563243866,social_first
01KJP22PXRH9VYFY7Z1HZVNSMN,01KJP2RH1QNE571FNJRJ0ZHM7W,B,page7-255,0.8014373779296875,0.7894034385681152,social_first
01KJP22PXRH9VYFY7Z1HZVNSMN,01KJP2RH1QNE571FNJRJ0ZHM7W,B,page9-46,0.3468610644340515,1.000000238418579,social_first
01KJP22PXRH9VYFY7Z1HZVNSMN,01KJP2RVD8SK7AN1X5EMGRM458,B,page-B,0.9999999403953552,0.9999999403953552,social_first
01KJP22PXRH9VYFY7Z1HZVNSMN,01KJP2RVD8SK7AN1X5EMGRM458,B,page3-35,1.0000001192092896,1.0000001192092896,social_first
01KJP22PXRH9VYFY7Z1HZVNSMN,01KJP2RVD8SK7AN1X5EMGRM458,B,page5-28,0.7403568625450134,0.6967806816101074,social_first
01KJP22PXRH9VYFY7Z1HZVNSMN,01KJP2RVD8SK7AN1X5EMGRM458,B,page7-107,1.0,1.0,social_first
01KJP22PXRH9VYFY7Z1HZVNSMN,01KJP2RVD8SK7AN1X5EMGRM458,B,page7-255,0.5965695381164551,0.5965695381164551,social_first
01KJP22PXRH9VYFY7Z1HZVNSMN,01KJP2RVD8SK7AN1X5EMGRM458,B,page9-46,0.6675549745559692,0.6675549745559692,social_first
01KJP22PXRH9VYFY7Z1HZVNSMN,01KJP2SDQCR0935BS4E06A6D2G,C,page-B,0.7936511039733887,0.9186060428619385,social_first
01KJP22PXRH9VYFY7Z1HZVNSMN,01KJP2SDQCR0935BS4E06A6D2G,C,page3-35,0.9999999403953552,0.9999999403953552,social_first
01KJP22PXRH9VYFY7Z1HZVNSMN,01KJP2SDQCR0935BS4E06A6D2G,C,page5-28,1.000000238418579,0.7206190824508667,social_first
01KJP22PXRH9VYFY7Z1HZVNSMN,01KJP2SDQCR0935BS4E06A6D2G,C,page7-107,0.8710538744926453,0.9229217767715454,social_first
01KJP22PXRH9VYFY7Z1HZVNSMN,01KJP2SDQCR0935BS4E06A6D2G,C,page7-255,0.8370869755744934,1.000000238418579,social_first
01KJP22PXRH9VYFY7Z1HZVNSMN,01KJP2SDQCR0935BS4E06A6D2G,C,page9-46,0.9912781715393066,0.972484290599823,social_first
01KJP22PXRH9VYFY7Z1HZVNSMN,01KJP2SGRYQPGESDGRKTMMAJX4,A,page-B,1.0,1.0,social_first
01KJP22PXRH9VYFY7Z1HZVNSMN,01KJP2SGRYQPGESDGRKTMMAJX4,A,page3-35,0.5129184722900391,0.6087689399719238,social_first
01KJP22PXRH9VYFY7Z1HZVNSMN,01KJP2SGRYQPGESDGRKTMMAJX4,A,page5-28,0.30398648977279663,0.1947394162416458,social_first
01KJP22PXRH9VYFY7Z1HZVNSMN,01KJP2SGRYQPGESDGRKTMMAJX4,A,page7-107,0.8887686729431152,0.7295089960098267,social_first
01KJP22PXRH9VYFY7Z1HZVNSMN,01KJP2SGRYQPGESDGRKTMMAJX4,A,page7-255,0.6295660734176636,0.7833653092384338,social_first
01KJP22PXRH9VYFY7Z1HZVNSMN,01KJP2SGRYQPGESDGRKTMMAJX4,A,page9-46,0.5781922936439514,0.8478743433952332,social_first
01KJP22PXRH9VYFY7Z1HZVNSMN,01KJP2SNNP4ZB6K1QMGZX5CC0T,C,page-B,0.7262320518493652,0.8283276557922363,social_first
01KJP22PXRH9VYFY7Z1HZVNSMN,01KJP2SNNP4ZB6K1QMGZX5CC0T,C,page3-35,0.7797698974609375,0.7478035688400269,social_first
01KJP22PXRH9VYFY7Z1HZVNSMN,01KJP2SNNP4ZB6K1QMGZX5CC0T,C,page5-28,0.7853474020957947,0.7687513828277588,social_first
01KJP22PXRH9VYFY7Z1HZVNSMN,01KJP2SNNP4ZB6K1QMGZX5CC0T,C,page7-107,0.808989405632019,0.8322226405143738,social_first
01KJP22PXRH9VYFY7Z1HZVNSMN,01KJP2SNNP4ZB6K1QMGZX5CC0T,C,page7-255,0.6738443374633789,0.771278440952301,social_first
01KJP22PXRH9VYFY7Z1HZVNSMN,01KJP2SNNP4ZB6K1QMGZX5CC0T,C,page9-46,0.5932371616363525,0.6873304843902588,social_first
